cluster	n_cells	lineage	runner_up_lineage	score_margin	in_v1	in_v2
0	2422	KC_basal_ORS	Lymphatic	2.0364	TRUE	FALSE
1	1664	KC_basal_ORS	KC_IFE_suprabasal	2.2683	TRUE	FALSE
2	1452	KC_IFE_suprabasal	KC_basal_ORS	0.2319	TRUE	FALSE
3	1430	KC_cortex_cuticle	KC_matrix	0.93089999999999995	TRUE	TRUE
4	1390	KC_IFE_suprabasal	KC_basal_ORS	1.2114	TRUE	FALSE
5	948	KC_basal_ORS	Mural	1.2088000000000001	TRUE	FALSE
6	926	KC_cortex_cuticle	KC_matrix	1.5321	TRUE	TRUE
7	792	KC_basal_ORS	KC_IFE_suprabasal	1.2709999999999999	TRUE	FALSE
8	781	KC_basal_ORS	Mural	2.2761	TRUE	FALSE
9	749	KC_cortex_cuticle	KC_matrix	0.1244	TRUE	TRUE
10	618	KC_IRS	Fibroblast	2.6202000000000001	TRUE	FALSE
11	506	KC_basal_ORS	Mural	1.4773000000000001	TRUE	FALSE
12	462	KC_basal_ORS	Mural	1.1315	TRUE	FALSE
13	453	KC_basal_ORS	Fibroblast	1.5664	TRUE	FALSE
14	210	KC_cortex_cuticle	KC_matrix	1.1858	TRUE	TRUE
15	207	KC_IRS	KC_matrix	0.64749999999999996	TRUE	FALSE
16	176	Myeloid	T_NK	0.96519999999999995	FALSE	FALSE
17	165	Melanocyte	KC_cortex_cuticle	2.3601999999999999	FALSE	FALSE
18	107	KC_basal_ORS	Gland	0.54290000000000005	TRUE	FALSE
19	97	KC_IFE_suprabasal	Gland	0.39129999999999998	TRUE	FALSE
20	66	T_NK	KC_basal_ORS	1.2845	FALSE	FALSE
