krt_cluster	mean_krt35_85	total_cells	rank	selected
5	2.85509006487497	973	1	TRUE
10	2.82631279912317	396	2	TRUE
15	2.60439939492818	242	3	TRUE
6	2.45000337891731	745	4	TRUE
14	2.34679869602967	264	5	TRUE
11	2.14989079051518	312	6	TRUE
7	2.04381101402531	635	7	FALSE
20	2.01042566535301	63	8	FALSE
16	1.61530858166025	201	9	FALSE
9	1.25276566343033	403	10	FALSE
1	1.23731263618211	1401	11	FALSE
18	1.17566566900374	141	12	FALSE
3	1.09779612819444	1130	13	FALSE
4	1.0593314072579	1021	14	FALSE
0	1.05435627424577	1638	15	FALSE
12	1.02910146559703	298	16	FALSE
13	1.00971691712792	285	17	FALSE
19	1.00932399046092	126	18	FALSE
8	0.958121088267742	436	19	FALSE
17	0.930686687846022	166	20	FALSE
2	0.882823490645263	1136	21	FALSE
