lineage	n_cells	gene	marker_set	mean_lognorm	detection
KC_basal_ORS	8135	KRT31	cortex_cuticle	0.66069999999999995	0.56230000000000002
KC_basal_ORS	8135	KRT35	cortex_cuticle	0.77769999999999995	0.64219999999999999
KC_basal_ORS	8135	KRT85	cortex_cuticle	1.1141000000000001	0.7752
KC_basal_ORS	8135	KRT32	cortex_cuticle	0.11609999999999999	0.1303
KC_basal_ORS	8135	KRT33A	cortex_cuticle	0.00089999999999999998	0.0011000000000000001
KC_basal_ORS	8135	KRT5	basal_ORS	4.3863000000000003	0.99629999999999996
KC_basal_ORS	8135	KRT14	basal_ORS	5.4288999999999996	0.99929999999999997
KC_basal_ORS	8135	KRT15	basal_ORS	0.76719999999999999	0.3135
KC_basal_ORS	8135	KRT17	basal_ORS	4.1191000000000004	0.97870000000000001
KC_basal_ORS	8135	KRT6A	basal_ORS	2.6379999999999999	0.84289999999999998
KC_basal_ORS	8135	KRT16	basal_ORS	3.8954	0.92110000000000003
KC_basal_ORS	8135	COL17A1	basal_ORS	0.25829999999999997	0.18240000000000001
KC_basal_ORS	8135	KRT25	IRS	0.35149999999999998	0.3221
KC_basal_ORS	8135	KRT27	IRS	0.1903	0.19950000000000001
KC_basal_ORS	8135	KRT71	IRS	0.23200000000000001	0.2311
KC_basal_ORS	8135	KRT73	IRS	0.046300000000000001	0.053699999999999998
KC_basal_ORS	8135	TCHH	IRS	0.27279999999999999	0.26960000000000001
KC_basal_ORS	8135	GATA3	IRS	0.26840000000000003	0.29899999999999999
KC_basal_ORS	8135	MSX2	matrix_progenitor	0.035900000000000001	0.042799999999999998
KC_basal_ORS	8135	LEF1	matrix_progenitor	0.026800000000000001	0.032099999999999997
KC_basal_ORS	8135	HOXC13	matrix_progenitor	0.23710000000000001	0.2787
KC_basal_ORS	8135	MKI67	matrix_progenitor	0.043099999999999999	0.039199999999999999
KC_basal_ORS	8135	KRT1	KRT1_KRT10	0.085300000000000001	0.083299999999999999
KC_basal_ORS	8135	KRT10	KRT1_KRT10	1.1074999999999999	0.77800000000000002
KC_cortex_cuticle	3315	KRT31	cortex_cuticle	2.4226999999999999	0.85670000000000002
KC_cortex_cuticle	3315	KRT35	cortex_cuticle	4.0734000000000004	0.98370000000000002
KC_cortex_cuticle	3315	KRT85	cortex_cuticle	4.6032999999999999	0.99670000000000003
KC_cortex_cuticle	3315	KRT32	cortex_cuticle	1.1944999999999999	0.69889999999999997
KC_cortex_cuticle	3315	KRT33A	cortex_cuticle	0.0038999999999999998	0.0066
KC_cortex_cuticle	3315	KRT5	basal_ORS	1.0105	0.76649999999999996
KC_cortex_cuticle	3315	KRT14	basal_ORS	1.6012	0.95440000000000003
KC_cortex_cuticle	3315	KRT15	basal_ORS	0.82030000000000003	0.52849999999999997
KC_cortex_cuticle	3315	KRT17	basal_ORS	1.2377	0.90739999999999998
KC_cortex_cuticle	3315	KRT6A	basal_ORS	0.51339999999999997	0.53120000000000001
KC_cortex_cuticle	3315	KRT16	basal_ORS	0.94189999999999996	0.80059999999999998
KC_cortex_cuticle	3315	COL17A1	basal_ORS	0.064000000000000001	0.077799999999999994
KC_cortex_cuticle	3315	KRT25	IRS	0.68269999999999997	0.59699999999999998
KC_cortex_cuticle	3315	KRT27	IRS	0.21099999999999999	0.28170000000000001
KC_cortex_cuticle	3315	KRT71	IRS	0.24629999999999999	0.2989
KC_cortex_cuticle	3315	KRT73	IRS	0.1095	0.1026
KC_cortex_cuticle	3315	TCHH	IRS	0.2631	0.32400000000000001
KC_cortex_cuticle	3315	GATA3	IRS	0.1187	0.1575
KC_cortex_cuticle	3315	MSX2	matrix_progenitor	0.92400000000000004	0.78910000000000002
KC_cortex_cuticle	3315	LEF1	matrix_progenitor	0.76539999999999997	0.78100000000000003
KC_cortex_cuticle	3315	HOXC13	matrix_progenitor	1.1685000000000001	0.86060000000000003
KC_cortex_cuticle	3315	MKI67	matrix_progenitor	0.16250000000000001	0.14510000000000001
KC_cortex_cuticle	3315	KRT1	KRT1_KRT10	0.070699999999999999	0.090800000000000006
KC_cortex_cuticle	3315	KRT10	KRT1_KRT10	1.3947000000000001	0.92279999999999995
KC_IFE_suprabasal	2939	KRT31	cortex_cuticle	0.71589999999999998	0.60389999999999999
KC_IFE_suprabasal	2939	KRT35	cortex_cuticle	0.82440000000000002	0.69750000000000001
KC_IFE_suprabasal	2939	KRT85	cortex_cuticle	1.1459999999999999	0.8125
KC_IFE_suprabasal	2939	KRT32	cortex_cuticle	0.12790000000000001	0.1381
KC_IFE_suprabasal	2939	KRT33A	cortex_cuticle	0.0016999999999999999	0.002
KC_IFE_suprabasal	2939	KRT5	basal_ORS	2.2877000000000001	0.85880000000000001
KC_IFE_suprabasal	2939	KRT14	basal_ORS	2.6383000000000001	0.95989999999999998
KC_IFE_suprabasal	2939	KRT15	basal_ORS	0.60699999999999998	0.30180000000000001
KC_IFE_suprabasal	2939	KRT17	basal_ORS	4.2606999999999999	0.98060000000000003
KC_IFE_suprabasal	2939	KRT6A	basal_ORS	2.7275999999999998	0.8962
KC_IFE_suprabasal	2939	KRT16	basal_ORS	1.8853	0.85170000000000001
KC_IFE_suprabasal	2939	COL17A1	basal_ORS	0.029899999999999999	0.031
KC_IFE_suprabasal	2939	KRT25	IRS	0.34899999999999998	0.2994
KC_IFE_suprabasal	2939	KRT27	IRS	0.1721	0.16569999999999999
KC_IFE_suprabasal	2939	KRT71	IRS	0.22900000000000001	0.2205
KC_IFE_suprabasal	2939	KRT73	IRS	0.054600000000000003	0.054800000000000001
KC_IFE_suprabasal	2939	TCHH	IRS	0.28539999999999999	0.26569999999999999
KC_IFE_suprabasal	2939	GATA3	IRS	0.24729999999999999	0.30690000000000001
KC_IFE_suprabasal	2939	MSX2	matrix_progenitor	0.032599999999999997	0.032300000000000002
KC_IFE_suprabasal	2939	LEF1	matrix_progenitor	0.024799999999999999	0.027199999999999998
KC_IFE_suprabasal	2939	HOXC13	matrix_progenitor	0.1013	0.1303
KC_IFE_suprabasal	2939	MKI67	matrix_progenitor	0.0064000000000000003	0.0067999999999999996
KC_IFE_suprabasal	2939	KRT1	KRT1_KRT10	0.84089999999999998	0.3644
KC_IFE_suprabasal	2939	KRT10	KRT1_KRT10	2.9723000000000002	0.94520000000000004
KC_IRS	825	KRT31	cortex_cuticle	0.84940000000000004	0.68000000000000005
KC_IRS	825	KRT35	cortex_cuticle	1.0904	0.77329999999999999
KC_IRS	825	KRT85	cortex_cuticle	1.5959000000000001	0.90180000000000005
KC_IRS	825	KRT32	cortex_cuticle	0.26879999999999998	0.27389999999999998
KC_IRS	825	KRT33A	cortex_cuticle	0.0028999999999999998	0.0047999999999999996
KC_IRS	825	KRT5	basal_ORS	1.3031999999999999	0.78180000000000005
KC_IRS	825	KRT14	basal_ORS	1.8481000000000001	0.96240000000000003
KC_IRS	825	KRT15	basal_ORS	0.18679999999999999	0.2024
KC_IRS	825	KRT17	basal_ORS	1.5270999999999999	0.90059999999999996
KC_IRS	825	KRT6A	basal_ORS	0.63319999999999999	0.55759999999999998
KC_IRS	825	KRT16	basal_ORS	1.1998	0.80610000000000004
KC_IRS	825	COL17A1	basal_ORS	0.27329999999999999	0.22550000000000001
KC_IRS	825	KRT25	IRS	3.5329999999999999	0.96479999999999999
KC_IRS	825	KRT27	IRS	2.4527999999999999	0.85209999999999997
KC_IRS	825	KRT71	IRS	2.6208	0.79759999999999998
KC_IRS	825	KRT73	IRS	1.5709	0.54179999999999995
KC_IRS	825	TCHH	IRS	3.0935000000000001	0.83150000000000002
KC_IRS	825	GATA3	IRS	1.224	0.65090000000000003
KC_IRS	825	MSX2	matrix_progenitor	0.74570000000000003	0.68120000000000003
KC_IRS	825	LEF1	matrix_progenitor	0.2419	0.36120000000000002
KC_IRS	825	HOXC13	matrix_progenitor	0.38700000000000001	0.34300000000000003
KC_IRS	825	MKI67	matrix_progenitor	0.032199999999999999	0.0315
KC_IRS	825	KRT1	KRT1_KRT10	0.077299999999999994	0.082400000000000001
KC_IRS	825	KRT10	KRT1_KRT10	1.367	0.9042
