cluster	lineage	candidate	n_cells	gene	marker_set	mean_lognorm	detection
3	KC_cortex_cuticle	TRUE	1430	KRT31	cortex_cuticle	1.7129000000000001	0.83430000000000004
3	KC_cortex_cuticle	TRUE	1430	KRT35	cortex_cuticle	4.6151	0.99370000000000003
3	KC_cortex_cuticle	TRUE	1430	KRT85	cortex_cuticle	4.8273000000000001	0.99719999999999998
3	KC_cortex_cuticle	TRUE	1430	KRT32	cortex_cuticle	1.4453	0.80000000000000004
3	KC_cortex_cuticle	TRUE	1430	KRT33A	cortex_cuticle	0.00089999999999999998	0.0020999999999999999
3	KC_cortex_cuticle	TRUE	1430	KRT5	basal_ORS	0.99809999999999999	0.71050000000000002
3	KC_cortex_cuticle	TRUE	1430	KRT14	basal_ORS	1.6783999999999999	0.94059999999999999
3	KC_cortex_cuticle	TRUE	1430	KRT15	basal_ORS	0.95820000000000005	0.55169999999999997
3	KC_cortex_cuticle	TRUE	1430	KRT17	basal_ORS	1.3327	0.88949999999999996
3	KC_cortex_cuticle	TRUE	1430	KRT6A	basal_ORS	0.61890000000000001	0.52449999999999997
3	KC_cortex_cuticle	TRUE	1430	KRT16	basal_ORS	1.0330999999999999	0.76500000000000001
3	KC_cortex_cuticle	TRUE	1430	COL17A1	basal_ORS	0.015100000000000001	0.028000000000000001
3	KC_cortex_cuticle	TRUE	1430	KRT25	IRS	0.61839999999999995	0.58389999999999997
3	KC_cortex_cuticle	TRUE	1430	KRT27	IRS	0.1797	0.2455
3	KC_cortex_cuticle	TRUE	1430	KRT71	IRS	0.19800000000000001	0.25519999999999998
3	KC_cortex_cuticle	TRUE	1430	KRT73	IRS	0.071400000000000005	0.080399999999999999
3	KC_cortex_cuticle	TRUE	1430	TCHH	IRS	0.21829999999999999	0.28179999999999999
3	KC_cortex_cuticle	TRUE	1430	GATA3	IRS	0.082600000000000007	0.1336
3	KC_cortex_cuticle	TRUE	1430	MSX2	matrix_progenitor	0.93410000000000004	0.76429999999999998
3	KC_cortex_cuticle	TRUE	1430	LEF1	matrix_progenitor	0.84230000000000005	0.79300000000000004
3	KC_cortex_cuticle	TRUE	1430	HOXC13	matrix_progenitor	1.2423999999999999	0.88739999999999997
3	KC_cortex_cuticle	TRUE	1430	MKI67	matrix_progenitor	0.016	0.0252
3	KC_cortex_cuticle	TRUE	1430	KRT1	KRT1_KRT10	0.089399999999999993	0.097900000000000001
3	KC_cortex_cuticle	TRUE	1430	KRT10	KRT1_KRT10	1.3378000000000001	0.90069999999999995
6	KC_cortex_cuticle	TRUE	926	KRT31	cortex_cuticle	5.1333000000000002	0.98809999999999998
6	KC_cortex_cuticle	TRUE	926	KRT35	cortex_cuticle	4.2763999999999998	0.99029999999999996
6	KC_cortex_cuticle	TRUE	926	KRT85	cortex_cuticle	5.6817000000000002	1
6	KC_cortex_cuticle	TRUE	926	KRT32	cortex_cuticle	0.59289999999999998	0.55940000000000001
6	KC_cortex_cuticle	TRUE	926	KRT33A	cortex_cuticle	0.011299999999999999	0.0184
6	KC_cortex_cuticle	TRUE	926	KRT5	basal_ORS	0.69159999999999999	0.74729999999999996
6	KC_cortex_cuticle	TRUE	926	KRT14	basal_ORS	1.4168000000000001	0.97950000000000004
6	KC_cortex_cuticle	TRUE	926	KRT15	basal_ORS	0.58999999999999997	0.46110000000000001
6	KC_cortex_cuticle	TRUE	926	KRT17	basal_ORS	1.1015999999999999	0.93840000000000001
6	KC_cortex_cuticle	TRUE	926	KRT6A	basal_ORS	0.41599999999999998	0.57779999999999998
6	KC_cortex_cuticle	TRUE	926	KRT16	basal_ORS	0.80620000000000003	0.85750000000000004
6	KC_cortex_cuticle	TRUE	926	COL17A1	basal_ORS	0.0071999999999999998	0.015100000000000001
6	KC_cortex_cuticle	TRUE	926	KRT25	IRS	0.3695	0.5
6	KC_cortex_cuticle	TRUE	926	KRT27	IRS	0.16420000000000001	0.2873
6	KC_cortex_cuticle	TRUE	926	KRT71	IRS	0.16020000000000001	0.29480000000000001
6	KC_cortex_cuticle	TRUE	926	KRT73	IRS	0.047300000000000002	0.091800000000000007
6	KC_cortex_cuticle	TRUE	926	TCHH	IRS	0.21879999999999999	0.34229999999999999
6	KC_cortex_cuticle	TRUE	926	GATA3	IRS	0.036200000000000003	0.087499999999999994
6	KC_cortex_cuticle	TRUE	926	MSX2	matrix_progenitor	0.93859999999999999	0.86070000000000002
6	KC_cortex_cuticle	TRUE	926	LEF1	matrix_progenitor	0.80279999999999996	0.85960000000000003
6	KC_cortex_cuticle	TRUE	926	HOXC13	matrix_progenitor	1.3360000000000001	0.95899999999999996
6	KC_cortex_cuticle	TRUE	926	MKI67	matrix_progenitor	0.0043	0.0097000000000000003
6	KC_cortex_cuticle	TRUE	926	KRT1	KRT1_KRT10	0.049299999999999997	0.091800000000000007
6	KC_cortex_cuticle	TRUE	926	KRT10	KRT1_KRT10	1.5033000000000001	0.9698
9	KC_cortex_cuticle	TRUE	749	KRT31	cortex_cuticle	0.84889999999999999	0.76770000000000005
9	KC_cortex_cuticle	TRUE	749	KRT35	cortex_cuticle	2.8509000000000002	0.95330000000000004
9	KC_cortex_cuticle	TRUE	749	KRT85	cortex_cuticle	3.0619000000000001	0.99199999999999999
9	KC_cortex_cuticle	TRUE	749	KRT32	cortex_cuticle	0.71640000000000004	0.59409999999999996
9	KC_cortex_cuticle	TRUE	749	KRT33A	cortex_cuticle	0.0016000000000000001	0.0027000000000000001
9	KC_cortex_cuticle	TRUE	749	KRT5	basal_ORS	1.4193	0.89849999999999997
9	KC_cortex_cuticle	TRUE	749	KRT14	basal_ORS	1.6465000000000001	0.9506
9	KC_cortex_cuticle	TRUE	749	KRT15	basal_ORS	1.0229999999999999	0.6542
9	KC_cortex_cuticle	TRUE	749	KRT17	basal_ORS	1.1732	0.90249999999999997
9	KC_cortex_cuticle	TRUE	749	KRT6A	basal_ORS	0.43659999999999999	0.48199999999999998
9	KC_cortex_cuticle	TRUE	749	KRT16	basal_ORS	0.88719999999999999	0.78639999999999999
9	KC_cortex_cuticle	TRUE	749	COL17A1	basal_ORS	0.2427	0.26700000000000002
9	KC_cortex_cuticle	TRUE	749	KRT25	IRS	0.84530000000000005	0.64749999999999996
9	KC_cortex_cuticle	TRUE	749	KRT27	IRS	0.27310000000000001	0.31380000000000002
9	KC_cortex_cuticle	TRUE	749	KRT71	IRS	0.41070000000000001	0.36049999999999999
9	KC_cortex_cuticle	TRUE	749	KRT73	IRS	0.2359	0.1469
9	KC_cortex_cuticle	TRUE	749	TCHH	IRS	0.36799999999999999	0.37519999999999998
9	KC_cortex_cuticle	TRUE	749	GATA3	IRS	0.30309999999999998	0.3044
9	KC_cortex_cuticle	TRUE	749	MSX2	matrix_progenitor	0.96540000000000004	0.78239999999999998
9	KC_cortex_cuticle	TRUE	749	LEF1	matrix_progenitor	0.68589999999999995	0.73699999999999999
9	KC_cortex_cuticle	TRUE	749	HOXC13	matrix_progenitor	0.81140000000000001	0.6956
9	KC_cortex_cuticle	TRUE	749	MKI67	matrix_progenitor	0.68010000000000004	0.57940000000000003
9	KC_cortex_cuticle	TRUE	749	KRT1	KRT1_KRT10	0.059900000000000002	0.078799999999999995
9	KC_cortex_cuticle	TRUE	749	KRT10	KRT1_KRT10	1.3528	0.91190000000000004
14	KC_cortex_cuticle	TRUE	210	KRT31	cortex_cuticle	0.91620000000000001	0.74760000000000004
14	KC_cortex_cuticle	TRUE	210	KRT35	cortex_cuticle	3.8504	0.99519999999999997
14	KC_cortex_cuticle	TRUE	210	KRT85	cortex_cuticle	3.8205	0.99519999999999997
14	KC_cortex_cuticle	TRUE	210	KRT32	cortex_cuticle	3.8445	1
14	KC_cortex_cuticle	TRUE	210	KRT33A	cortex_cuticle	0	0
14	KC_cortex_cuticle	TRUE	210	KRT5	basal_ORS	1.0435000000000001	0.76190000000000002
14	KC_cortex_cuticle	TRUE	210	KRT14	basal_ORS	1.7269000000000001	0.95240000000000002
14	KC_cortex_cuticle	TRUE	210	KRT15	basal_ORS	0.17460000000000001	0.219
14	KC_cortex_cuticle	TRUE	210	KRT17	basal_ORS	1.4212	0.90949999999999998
14	KC_cortex_cuticle	TRUE	210	KRT6A	basal_ORS	0.49869999999999998	0.54759999999999998
14	KC_cortex_cuticle	TRUE	210	KRT16	basal_ORS	1.1151	0.84289999999999998
14	KC_cortex_cuticle	TRUE	210	COL17A1	basal_ORS	0.0104	0.019
14	KC_cortex_cuticle	TRUE	210	KRT25	IRS	1.9211	0.93330000000000002
14	KC_cortex_cuticle	TRUE	210	KRT27	IRS	0.40999999999999998	0.39050000000000001
14	KC_cortex_cuticle	TRUE	210	KRT71	IRS	0.3679	0.3952
14	KC_cortex_cuticle	TRUE	210	KRT73	IRS	0.1933	0.1429
14	KC_cortex_cuticle	TRUE	210	TCHH	IRS	0.38829999999999998	0.34760000000000002
14	KC_cortex_cuticle	TRUE	210	GATA3	IRS	0.070800000000000002	0.1048
14	KC_cortex_cuticle	TRUE	210	MSX2	matrix_progenitor	0.64239999999999997	0.66669999999999996
14	KC_cortex_cuticle	TRUE	210	LEF1	matrix_progenitor	0.35930000000000001	0.50949999999999995
14	KC_cortex_cuticle	TRUE	210	HOXC13	matrix_progenitor	1.2005999999999999	0.83330000000000004
14	KC_cortex_cuticle	TRUE	210	MKI67	matrix_progenitor	0.0115	0.0094999999999999998
14	KC_cortex_cuticle	TRUE	210	KRT1	KRT1_KRT10	0.075399999999999995	0.081000000000000003
14	KC_cortex_cuticle	TRUE	210	KRT10	KRT1_KRT10	1.4521999999999999	0.90480000000000005
0	KC_basal_ORS	FALSE	2422	KRT31	cortex_cuticle	0.6552	0.60489999999999999
0	KC_basal_ORS	FALSE	2422	KRT35	cortex_cuticle	0.75260000000000005	0.67749999999999999
0	KC_basal_ORS	FALSE	2422	KRT85	cortex_cuticle	1.1063000000000001	0.81589999999999996
0	KC_basal_ORS	FALSE	2422	KRT32	cortex_cuticle	0.1179	0.1474
0	KC_basal_ORS	FALSE	2422	KRT33A	cortex_cuticle	0.0016999999999999999	0.0020999999999999999
0	KC_basal_ORS	FALSE	2422	KRT5	basal_ORS	4.6875999999999998	1
0	KC_basal_ORS	FALSE	2422	KRT14	basal_ORS	5.8414000000000001	0.99960000000000004
0	KC_basal_ORS	FALSE	2422	KRT15	basal_ORS	0.12089999999999999	0.1391
0	KC_basal_ORS	FALSE	2422	KRT17	basal_ORS	4.4561999999999999	0.99880000000000002
0	KC_basal_ORS	FALSE	2422	KRT6A	basal_ORS	2.7808999999999999	0.91410000000000002
0	KC_basal_ORS	FALSE	2422	KRT16	basal_ORS	4.7618	0.99829999999999997
0	KC_basal_ORS	FALSE	2422	COL17A1	basal_ORS	0.041099999999999998	0.048300000000000003
0	KC_basal_ORS	FALSE	2422	KRT25	IRS	0.38340000000000002	0.3856
0	KC_basal_ORS	FALSE	2422	KRT27	IRS	0.1923	0.2271
0	KC_basal_ORS	FALSE	2422	KRT71	IRS	0.2301	0.26590000000000003
0	KC_basal_ORS	FALSE	2422	KRT73	IRS	0.047199999999999999	0.060299999999999999
0	KC_basal_ORS	FALSE	2422	TCHH	IRS	0.27329999999999999	0.31009999999999999
0	KC_basal_ORS	FALSE	2422	GATA3	IRS	0.24349999999999999	0.2964
0	KC_basal_ORS	FALSE	2422	MSX2	matrix_progenitor	0.033599999999999998	0.0458
0	KC_basal_ORS	FALSE	2422	LEF1	matrix_progenitor	0.028000000000000001	0.035499999999999997
0	KC_basal_ORS	FALSE	2422	HOXC13	matrix_progenitor	0.25080000000000002	0.31340000000000001
0	KC_basal_ORS	FALSE	2422	MKI67	matrix_progenitor	0.0053	0.0054000000000000003
0	KC_basal_ORS	FALSE	2422	KRT1	KRT1_KRT10	0.064199999999999993	0.076399999999999996
0	KC_basal_ORS	FALSE	2422	KRT10	KRT1_KRT10	1.1645000000000001	0.86170000000000002
1	KC_basal_ORS	FALSE	1664	KRT31	cortex_cuticle	0.85550000000000004	0.5222
1	KC_basal_ORS	FALSE	1664	KRT35	cortex_cuticle	0.97529999999999994	0.59309999999999996
1	KC_basal_ORS	FALSE	1664	KRT85	cortex_cuticle	1.3688	0.72660000000000002
1	KC_basal_ORS	FALSE	1664	KRT32	cortex_cuticle	0.12670000000000001	0.0998
1	KC_basal_ORS	FALSE	1664	KRT33A	cortex_cuticle	0	0
1	KC_basal_ORS	FALSE	1664	KRT5	basal_ORS	4.8402000000000003	0.99819999999999998
1	KC_basal_ORS	FALSE	1664	KRT14	basal_ORS	5.6677	0.99939999999999996
1	KC_basal_ORS	FALSE	1664	KRT15	basal_ORS	0.16139999999999999	0.1226
1	KC_basal_ORS	FALSE	1664	KRT17	basal_ORS	4.5532000000000004	0.99160000000000004
1	KC_basal_ORS	FALSE	1664	KRT6A	basal_ORS	3.9718	0.98319999999999996
1	KC_basal_ORS	FALSE	1664	KRT16	basal_ORS	4.9042000000000003	0.99939999999999996
1	KC_basal_ORS	FALSE	1664	COL17A1	basal_ORS	0.0123	0.0095999999999999992
1	KC_basal_ORS	FALSE	1664	KRT25	IRS	0.42799999999999999	0.25719999999999998
1	KC_basal_ORS	FALSE	1664	KRT27	IRS	0.26090000000000002	0.1719
1	KC_basal_ORS	FALSE	1664	KRT71	IRS	0.32619999999999999	0.20250000000000001
1	KC_basal_ORS	FALSE	1664	KRT73	IRS	0.053900000000000003	0.040300000000000002
1	KC_basal_ORS	FALSE	1664	TCHH	IRS	0.37590000000000001	0.2278
1	KC_basal_ORS	FALSE	1664	GATA3	IRS	0.2054	0.17130000000000001
1	KC_basal_ORS	FALSE	1664	MSX2	matrix_progenitor	0.039800000000000002	0.029399999999999999
1	KC_basal_ORS	FALSE	1664	LEF1	matrix_progenitor	0.0315	0.024
1	KC_basal_ORS	FALSE	1664	HOXC13	matrix_progenitor	0.28510000000000002	0.23619999999999999
1	KC_basal_ORS	FALSE	1664	MKI67	matrix_progenitor	0.0095999999999999992	0.0066
1	KC_basal_ORS	FALSE	1664	KRT1	KRT1_KRT10	0.1037	0.071499999999999994
1	KC_basal_ORS	FALSE	1664	KRT10	KRT1_KRT10	0.82969999999999999	0.53969999999999996
2	KC_IFE_suprabasal	FALSE	1452	KRT31	cortex_cuticle	0.74129999999999996	0.57579999999999998
2	KC_IFE_suprabasal	FALSE	1452	KRT35	cortex_cuticle	0.85719999999999996	0.67559999999999998
2	KC_IFE_suprabasal	FALSE	1452	KRT85	cortex_cuticle	1.2128000000000001	0.79959999999999998
2	KC_IFE_suprabasal	FALSE	1452	KRT32	cortex_cuticle	0.1447	0.1336
2	KC_IFE_suprabasal	FALSE	1452	KRT33A	cortex_cuticle	0.0019	0.0014
2	KC_IFE_suprabasal	FALSE	1452	KRT5	basal_ORS	3.4085999999999999	0.96689999999999998
2	KC_IFE_suprabasal	FALSE	1452	KRT14	basal_ORS	3.4935999999999998	0.96760000000000002
2	KC_IFE_suprabasal	FALSE	1452	KRT15	basal_ORS	0.97260000000000002	0.39119999999999999
2	KC_IFE_suprabasal	FALSE	1452	KRT17	basal_ORS	3.9641000000000002	0.96689999999999998
2	KC_IFE_suprabasal	FALSE	1452	KRT6A	basal_ORS	3.2547000000000001	0.95799999999999996
2	KC_IFE_suprabasal	FALSE	1452	KRT16	basal_ORS	1.3877999999999999	0.78369999999999995
2	KC_IFE_suprabasal	FALSE	1452	COL17A1	basal_ORS	0.0482	0.046800000000000001
2	KC_IFE_suprabasal	FALSE	1452	KRT25	IRS	0.38300000000000001	0.27750000000000002
2	KC_IFE_suprabasal	FALSE	1452	KRT27	IRS	0.18690000000000001	0.14940000000000001
2	KC_IFE_suprabasal	FALSE	1452	KRT71	IRS	0.24399999999999999	0.19969999999999999
2	KC_IFE_suprabasal	FALSE	1452	KRT73	IRS	0.056599999999999998	0.050299999999999997
2	KC_IFE_suprabasal	FALSE	1452	TCHH	IRS	0.30399999999999999	0.2404
2	KC_IFE_suprabasal	FALSE	1452	GATA3	IRS	0.29299999999999998	0.32779999999999998
2	KC_IFE_suprabasal	FALSE	1452	MSX2	matrix_progenitor	0.035000000000000003	0.033099999999999997
2	KC_IFE_suprabasal	FALSE	1452	LEF1	matrix_progenitor	0.023099999999999999	0.021999999999999999
2	KC_IFE_suprabasal	FALSE	1452	HOXC13	matrix_progenitor	0.084699999999999998	0.088200000000000001
2	KC_IFE_suprabasal	FALSE	1452	MKI67	matrix_progenitor	0.0082000000000000007	0.0076
2	KC_IFE_suprabasal	FALSE	1452	KRT1	KRT1_KRT10	1.4636	0.53580000000000005
2	KC_IFE_suprabasal	FALSE	1452	KRT10	KRT1_KRT10	3.1105	0.94079999999999997
4	KC_IFE_suprabasal	FALSE	1390	KRT31	cortex_cuticle	0.69879999999999998	0.63600000000000001
4	KC_IFE_suprabasal	FALSE	1390	KRT35	cortex_cuticle	0.79959999999999998	0.72009999999999996
4	KC_IFE_suprabasal	FALSE	1390	KRT85	cortex_cuticle	1.0819000000000001	0.82010000000000005
4	KC_IFE_suprabasal	FALSE	1390	KRT32	cortex_cuticle	0.11219999999999999	0.14099999999999999
4	KC_IFE_suprabasal	FALSE	1390	KRT33A	cortex_cuticle	0.0014	0.0022000000000000001
4	KC_IFE_suprabasal	FALSE	1390	KRT5	basal_ORS	1.2241	0.75760000000000005
4	KC_IFE_suprabasal	FALSE	1390	KRT14	basal_ORS	1.8247	0.95320000000000005
4	KC_IFE_suprabasal	FALSE	1390	KRT15	basal_ORS	0.25719999999999998	0.21510000000000001
4	KC_IFE_suprabasal	FALSE	1390	KRT17	basal_ORS	4.7108999999999996	0.99639999999999995
4	KC_IFE_suprabasal	FALSE	1390	KRT6A	basal_ORS	2.3313999999999999	0.86040000000000005
4	KC_IFE_suprabasal	FALSE	1390	KRT16	basal_ORS	2.4304000000000001	0.92090000000000005
4	KC_IFE_suprabasal	FALSE	1390	COL17A1	basal_ORS	0.0117	0.015800000000000002
4	KC_IFE_suprabasal	FALSE	1390	KRT25	IRS	0.32069999999999999	0.3201
4	KC_IFE_suprabasal	FALSE	1390	KRT27	IRS	0.1565	0.17699999999999999
4	KC_IFE_suprabasal	FALSE	1390	KRT71	IRS	0.21690000000000001	0.24030000000000001
4	KC_IFE_suprabasal	FALSE	1390	KRT73	IRS	0.054699999999999999	0.060400000000000002
4	KC_IFE_suprabasal	FALSE	1390	TCHH	IRS	0.27000000000000002	0.29210000000000003
4	KC_IFE_suprabasal	FALSE	1390	GATA3	IRS	0.20930000000000001	0.29570000000000002
4	KC_IFE_suprabasal	FALSE	1390	MSX2	matrix_progenitor	0.032099999999999997	0.033099999999999997
4	KC_IFE_suprabasal	FALSE	1390	LEF1	matrix_progenitor	0.0276	0.033099999999999997
4	KC_IFE_suprabasal	FALSE	1390	HOXC13	matrix_progenitor	0.11890000000000001	0.1734
4	KC_IFE_suprabasal	FALSE	1390	MKI67	matrix_progenitor	0.0035000000000000001	0.0057999999999999996
4	KC_IFE_suprabasal	FALSE	1390	KRT1	KRT1_KRT10	0.2422	0.1986
4	KC_IFE_suprabasal	FALSE	1390	KRT10	KRT1_KRT10	2.9641999999999999	0.95760000000000001
5	KC_basal_ORS	FALSE	948	KRT31	cortex_cuticle	0.52449999999999997	0.41880000000000001
5	KC_basal_ORS	FALSE	948	KRT35	cortex_cuticle	0.6855	0.53590000000000004
5	KC_basal_ORS	FALSE	948	KRT85	cortex_cuticle	0.82150000000000001	0.59279999999999999
5	KC_basal_ORS	FALSE	948	KRT32	cortex_cuticle	0.089599999999999999	0.085400000000000004
5	KC_basal_ORS	FALSE	948	KRT33A	cortex_cuticle	0.0019	0.0020999999999999999
5	KC_basal_ORS	FALSE	948	KRT5	basal_ORS	3.4346999999999999	0.99580000000000002
5	KC_basal_ORS	FALSE	948	KRT14	basal_ORS	4.8756000000000004	1
5	KC_basal_ORS	FALSE	948	KRT15	basal_ORS	3.1071	0.90820000000000001
5	KC_basal_ORS	FALSE	948	KRT17	basal_ORS	2.0910000000000002	0.89239999999999997
5	KC_basal_ORS	FALSE	948	KRT6A	basal_ORS	0.77470000000000006	0.50629999999999997
5	KC_basal_ORS	FALSE	948	KRT16	basal_ORS	0.78790000000000004	0.5675
5	KC_basal_ORS	FALSE	948	COL17A1	basal_ORS	1.1517999999999999	0.7268
5	KC_basal_ORS	FALSE	948	KRT25	IRS	0.1376	0.12130000000000001
5	KC_basal_ORS	FALSE	948	KRT27	IRS	0.083500000000000005	0.073800000000000004
5	KC_basal_ORS	FALSE	948	KRT71	IRS	0.12870000000000001	0.115
5	KC_basal_ORS	FALSE	948	KRT73	IRS	0.027099999999999999	0.0253
5	KC_basal_ORS	FALSE	948	TCHH	IRS	0.1474	0.13289999999999999
5	KC_basal_ORS	FALSE	948	GATA3	IRS	0.36509999999999998	0.32279999999999998
5	KC_basal_ORS	FALSE	948	MSX2	matrix_progenitor	0.014500000000000001	0.012699999999999999
5	KC_basal_ORS	FALSE	948	LEF1	matrix_progenitor	0.0129	0.011599999999999999
5	KC_basal_ORS	FALSE	948	HOXC13	matrix_progenitor	0.046199999999999998	0.048500000000000001
5	KC_basal_ORS	FALSE	948	MKI67	matrix_progenitor	0.0040000000000000001	0.0063
5	KC_basal_ORS	FALSE	948	KRT1	KRT1_KRT10	0.061800000000000001	0.0591
5	KC_basal_ORS	FALSE	948	KRT10	KRT1_KRT10	1.0015000000000001	0.6835
7	KC_basal_ORS	FALSE	792	KRT31	cortex_cuticle	0.67410000000000003	0.62250000000000005
7	KC_basal_ORS	FALSE	792	KRT35	cortex_cuticle	0.77359999999999995	0.67930000000000001
7	KC_basal_ORS	FALSE	792	KRT85	cortex_cuticle	1.1175999999999999	0.83209999999999995
7	KC_basal_ORS	FALSE	792	KRT32	cortex_cuticle	0.1066	0.125
7	KC_basal_ORS	FALSE	792	KRT33A	cortex_cuticle	0.001	0.0012999999999999999
7	KC_basal_ORS	FALSE	792	KRT5	basal_ORS	3.6543999999999999	0.98109999999999997
7	KC_basal_ORS	FALSE	792	KRT14	basal_ORS	4.3959999999999999	0.99750000000000005
7	KC_basal_ORS	FALSE	792	KRT15	basal_ORS	0.20549999999999999	0.17929999999999999
7	KC_basal_ORS	FALSE	792	KRT17	basal_ORS	5.1368	1
7	KC_basal_ORS	FALSE	792	KRT6A	basal_ORS	3.9392	0.99750000000000005
7	KC_basal_ORS	FALSE	792	KRT16	basal_ORS	4.2032999999999996	0.98360000000000003
7	KC_basal_ORS	FALSE	792	COL17A1	basal_ORS	0.0071000000000000004	0.0088000000000000005
7	KC_basal_ORS	FALSE	792	KRT25	IRS	0.29649999999999999	0.28910000000000002
7	KC_basal_ORS	FALSE	792	KRT27	IRS	0.17660000000000001	0.20710000000000001
7	KC_basal_ORS	FALSE	792	KRT71	IRS	0.1822	0.21590000000000001
7	KC_basal_ORS	FALSE	792	KRT73	IRS	0.043499999999999997	0.055599999999999997
7	KC_basal_ORS	FALSE	792	TCHH	IRS	0.26550000000000001	0.28789999999999999
7	KC_basal_ORS	FALSE	792	GATA3	IRS	0.25790000000000002	0.33589999999999998
7	KC_basal_ORS	FALSE	792	MSX2	matrix_progenitor	0.040300000000000002	0.042900000000000001
7	KC_basal_ORS	FALSE	792	LEF1	matrix_progenitor	0.018499999999999999	0.022700000000000001
7	KC_basal_ORS	FALSE	792	HOXC13	matrix_progenitor	0.17810000000000001	0.23860000000000001
7	KC_basal_ORS	FALSE	792	MKI67	matrix_progenitor	0.0037000000000000002	0.0025000000000000001
7	KC_basal_ORS	FALSE	792	KRT1	KRT1_KRT10	0.082699999999999996	0.085900000000000004
7	KC_basal_ORS	FALSE	792	KRT10	KRT1_KRT10	1.2042999999999999	0.84340000000000004
8	KC_basal_ORS	FALSE	781	KRT31	cortex_cuticle	0.50719999999999998	0.65300000000000002
8	KC_basal_ORS	FALSE	781	KRT35	cortex_cuticle	0.65959999999999996	0.76570000000000005
8	KC_basal_ORS	FALSE	781	KRT85	cortex_cuticle	0.93030000000000002	0.88859999999999995
8	KC_basal_ORS	FALSE	781	KRT32	cortex_cuticle	0.088900000000000007	0.1613
8	KC_basal_ORS	FALSE	781	KRT33A	cortex_cuticle	0.00080000000000000004	0.0012999999999999999
8	KC_basal_ORS	FALSE	781	KRT5	basal_ORS	4.9519000000000002	1
8	KC_basal_ORS	FALSE	781	KRT14	basal_ORS	6.0892999999999997	1
8	KC_basal_ORS	FALSE	781	KRT15	basal_ORS	0.1333	0.21249999999999999
8	KC_basal_ORS	FALSE	781	KRT17	basal_ORS	5.0545	1
8	KC_basal_ORS	FALSE	781	KRT6A	basal_ORS	3.3489	0.96160000000000001
8	KC_basal_ORS	FALSE	781	KRT16	basal_ORS	5.1374000000000004	1
8	KC_basal_ORS	FALSE	781	COL17A1	basal_ORS	0.0121	0.0218
8	KC_basal_ORS	FALSE	781	KRT25	IRS	0.28839999999999999	0.43530000000000002
8	KC_basal_ORS	FALSE	781	KRT27	IRS	0.1426	0.27139999999999997
8	KC_basal_ORS	FALSE	781	KRT71	IRS	0.1807	0.29189999999999999
8	KC_basal_ORS	FALSE	781	KRT73	IRS	0.044999999999999998	0.083199999999999996
8	KC_basal_ORS	FALSE	781	TCHH	IRS	0.19719999999999999	0.33289999999999997
8	KC_basal_ORS	FALSE	781	GATA3	IRS	0.15939999999999999	0.27910000000000001
8	KC_basal_ORS	FALSE	781	MSX2	matrix_progenitor	0.035000000000000003	0.072999999999999995
8	KC_basal_ORS	FALSE	781	LEF1	matrix_progenitor	0.024299999999999999	0.0448
8	KC_basal_ORS	FALSE	781	HOXC13	matrix_progenitor	0.36620000000000003	0.55189999999999995
8	KC_basal_ORS	FALSE	781	MKI67	matrix_progenitor	0.0040000000000000001	0.0089999999999999993
8	KC_basal_ORS	FALSE	781	KRT1	KRT1_KRT10	0.056899999999999999	0.099900000000000003
8	KC_basal_ORS	FALSE	781	KRT10	KRT1_KRT10	1.1328	0.94750000000000001
10	KC_IRS	FALSE	618	KRT31	cortex_cuticle	0.84540000000000004	0.68120000000000003
10	KC_IRS	FALSE	618	KRT35	cortex_cuticle	1.1655	0.77829999999999999
10	KC_IRS	FALSE	618	KRT85	cortex_cuticle	1.5696000000000001	0.89639999999999997
10	KC_IRS	FALSE	618	KRT32	cortex_cuticle	0.31240000000000001	0.30740000000000001
10	KC_IRS	FALSE	618	KRT33A	cortex_cuticle	0.001	0.0016000000000000001
10	KC_IRS	FALSE	618	KRT5	basal_ORS	0.97570000000000001	0.71519999999999995
10	KC_IRS	FALSE	618	KRT14	basal_ORS	1.6836	0.95630000000000004
10	KC_IRS	FALSE	618	KRT15	basal_ORS	0.15390000000000001	0.1845
10	KC_IRS	FALSE	618	KRT17	basal_ORS	1.3638999999999999	0.87860000000000005
10	KC_IRS	FALSE	618	KRT6A	basal_ORS	0.65549999999999997	0.55989999999999995
10	KC_IRS	FALSE	618	KRT16	basal_ORS	1.0851999999999999	0.78480000000000005
10	KC_IRS	FALSE	618	COL17A1	basal_ORS	0.012999999999999999	0.021000000000000001
10	KC_IRS	FALSE	618	KRT25	IRS	3.8525	0.98540000000000005
10	KC_IRS	FALSE	618	KRT27	IRS	2.9984000000000002	0.92390000000000005
10	KC_IRS	FALSE	618	KRT71	IRS	3.4163000000000001	0.96440000000000003
10	KC_IRS	FALSE	618	KRT73	IRS	2.0851999999999999	0.7087
10	KC_IRS	FALSE	618	TCHH	IRS	3.0164	0.82040000000000002
10	KC_IRS	FALSE	618	GATA3	IRS	1.6164000000000001	0.84140000000000004
10	KC_IRS	FALSE	618	MSX2	matrix_progenitor	0.69350000000000001	0.66180000000000005
10	KC_IRS	FALSE	618	LEF1	matrix_progenitor	0.24690000000000001	0.3851
10	KC_IRS	FALSE	618	HOXC13	matrix_progenitor	0.15429999999999999	0.1764
10	KC_IRS	FALSE	618	MKI67	matrix_progenitor	0.0407	0.038800000000000001
10	KC_IRS	FALSE	618	KRT1	KRT1_KRT10	0.076899999999999996	0.074399999999999994
10	KC_IRS	FALSE	618	KRT10	KRT1_KRT10	1.4004000000000001	0.91259999999999997
11	KC_basal_ORS	FALSE	506	KRT31	cortex_cuticle	0.4965	0.52959999999999996
11	KC_basal_ORS	FALSE	506	KRT35	cortex_cuticle	0.62729999999999997	0.62450000000000006
11	KC_basal_ORS	FALSE	506	KRT85	cortex_cuticle	0.97270000000000001	0.78459999999999996
11	KC_basal_ORS	FALSE	506	KRT32	cortex_cuticle	0.1206	0.16209999999999999
11	KC_basal_ORS	FALSE	506	KRT33A	cortex_cuticle	0	0
11	KC_basal_ORS	FALSE	506	KRT5	basal_ORS	4.3525999999999998	0.998
11	KC_basal_ORS	FALSE	506	KRT14	basal_ORS	5.3425000000000002	1
11	KC_basal_ORS	FALSE	506	KRT15	basal_ORS	1.4863	0.57509999999999994
11	KC_basal_ORS	FALSE	506	KRT17	basal_ORS	3.3271999999999999	0.96440000000000003
11	KC_basal_ORS	FALSE	506	KRT6A	basal_ORS	0.65490000000000004	0.6008
11	KC_basal_ORS	FALSE	506	KRT16	basal_ORS	3.1212	0.94069999999999998
11	KC_basal_ORS	FALSE	506	COL17A1	basal_ORS	0.55189999999999995	0.43080000000000002
11	KC_basal_ORS	FALSE	506	KRT25	IRS	0.38040000000000002	0.4289
11	KC_basal_ORS	FALSE	506	KRT27	IRS	0.18970000000000001	0.253
11	KC_basal_ORS	FALSE	506	KRT71	IRS	0.23180000000000001	0.29049999999999998
11	KC_basal_ORS	FALSE	506	KRT73	IRS	0.040899999999999999	0.059299999999999999
11	KC_basal_ORS	FALSE	506	TCHH	IRS	0.24940000000000001	0.33400000000000002
11	KC_basal_ORS	FALSE	506	GATA3	IRS	0.34870000000000001	0.43080000000000002
11	KC_basal_ORS	FALSE	506	MSX2	matrix_progenitor	0.043099999999999999	0.069199999999999998
11	KC_basal_ORS	FALSE	506	LEF1	matrix_progenitor	0.0373	0.059299999999999999
11	KC_basal_ORS	FALSE	506	HOXC13	matrix_progenitor	0.41810000000000003	0.502
11	KC_basal_ORS	FALSE	506	MKI67	matrix_progenitor	0.043700000000000003	0.0613
11	KC_basal_ORS	FALSE	506	KRT1	KRT1_KRT10	0.053800000000000001	0.090899999999999995
11	KC_basal_ORS	FALSE	506	KRT10	KRT1_KRT10	1.2905	0.88539999999999996
12	KC_basal_ORS	FALSE	462	KRT31	cortex_cuticle	0.57609999999999995	0.59089999999999998
12	KC_basal_ORS	FALSE	462	KRT35	cortex_cuticle	0.69740000000000002	0.68830000000000002
12	KC_basal_ORS	FALSE	462	KRT85	cortex_cuticle	0.9304	0.80300000000000005
12	KC_basal_ORS	FALSE	462	KRT32	cortex_cuticle	0.090700000000000003	0.1212
12	KC_basal_ORS	FALSE	462	KRT33A	cortex_cuticle	0	0
12	KC_basal_ORS	FALSE	462	KRT5	basal_ORS	3.9298999999999999	1
12	KC_basal_ORS	FALSE	462	KRT14	basal_ORS	4.9756	0.99780000000000002
12	KC_basal_ORS	FALSE	462	KRT15	basal_ORS	1.2663	0.5736
12	KC_basal_ORS	FALSE	462	KRT17	basal_ORS	2.7791000000000001	0.96540000000000004
12	KC_basal_ORS	FALSE	462	KRT6A	basal_ORS	1.5127999999999999	0.79000000000000004
12	KC_basal_ORS	FALSE	462	KRT16	basal_ORS	1.5824	0.81599999999999995
12	KC_basal_ORS	FALSE	462	COL17A1	basal_ORS	0.47539999999999999	0.44590000000000002
12	KC_basal_ORS	FALSE	462	KRT25	IRS	0.26240000000000002	0.27489999999999998
12	KC_basal_ORS	FALSE	462	KRT27	IRS	0.111	0.158
12	KC_basal_ORS	FALSE	462	KRT71	IRS	0.19070000000000001	0.2273
12	KC_basal_ORS	FALSE	462	KRT73	IRS	0.044299999999999999	0.049799999999999997
12	KC_basal_ORS	FALSE	462	TCHH	IRS	0.20649999999999999	0.24679999999999999
12	KC_basal_ORS	FALSE	462	GATA3	IRS	0.40389999999999998	0.5
12	KC_basal_ORS	FALSE	462	MSX2	matrix_progenitor	0.031899999999999998	0.032500000000000001
12	KC_basal_ORS	FALSE	462	LEF1	matrix_progenitor	0.025600000000000001	0.043299999999999998
12	KC_basal_ORS	FALSE	462	HOXC13	matrix_progenitor	0.12230000000000001	0.1948
12	KC_basal_ORS	FALSE	462	MKI67	matrix_progenitor	0.61739999999999995	0.52810000000000001
12	KC_basal_ORS	FALSE	462	KRT1	KRT1_KRT10	0.25180000000000002	0.17749999999999999
12	KC_basal_ORS	FALSE	462	KRT10	KRT1_KRT10	1.4626999999999999	0.90690000000000004
13	KC_basal_ORS	FALSE	453	KRT31	cortex_cuticle	0.66139999999999999	0.50990000000000002
13	KC_basal_ORS	FALSE	453	KRT35	cortex_cuticle	0.72850000000000004	0.53859999999999997
13	KC_basal_ORS	FALSE	453	KRT85	cortex_cuticle	1.2868999999999999	0.76160000000000005
13	KC_basal_ORS	FALSE	453	KRT32	cortex_cuticle	0.1706	0.1545
13	KC_basal_ORS	FALSE	453	KRT33A	cortex_cuticle	0	0
13	KC_basal_ORS	FALSE	453	KRT5	basal_ORS	4.2630999999999997	1
13	KC_basal_ORS	FALSE	453	KRT14	basal_ORS	5.1372999999999998	1
13	KC_basal_ORS	FALSE	453	KRT15	basal_ORS	2.3414999999999999	0.56289999999999996
13	KC_basal_ORS	FALSE	453	KRT17	basal_ORS	3.5653999999999999	0.95579999999999998
13	KC_basal_ORS	FALSE	453	KRT6A	basal_ORS	0.69540000000000002	0.50549999999999995
13	KC_basal_ORS	FALSE	453	KRT16	basal_ORS	2.8344999999999998	0.80130000000000001
13	KC_basal_ORS	FALSE	453	COL17A1	basal_ORS	0.82740000000000002	0.46800000000000003
13	KC_basal_ORS	FALSE	453	KRT25	IRS	0.45979999999999999	0.38629999999999998
13	KC_basal_ORS	FALSE	453	KRT27	IRS	0.21379999999999999	0.21629999999999999
13	KC_basal_ORS	FALSE	453	KRT71	IRS	0.2298	0.2097
13	KC_basal_ORS	FALSE	453	KRT73	IRS	0.049500000000000002	0.052999999999999999
13	KC_basal_ORS	FALSE	453	TCHH	IRS	0.2903	0.26929999999999998
13	KC_basal_ORS	FALSE	453	GATA3	IRS	0.40310000000000001	0.34000000000000002
13	KC_basal_ORS	FALSE	453	MSX2	matrix_progenitor	0.052900000000000003	0.055199999999999999
13	KC_basal_ORS	FALSE	453	LEF1	matrix_progenitor	0.045699999999999998	0.0419
13	KC_basal_ORS	FALSE	453	HOXC13	matrix_progenitor	0.17460000000000001	0.17879999999999999
13	KC_basal_ORS	FALSE	453	MKI67	matrix_progenitor	0.0032000000000000002	0.0022000000000000001
13	KC_basal_ORS	FALSE	453	KRT1	KRT1_KRT10	0.075499999999999998	0.070599999999999996
13	KC_basal_ORS	FALSE	453	KRT10	KRT1_KRT10	1.2073	0.76160000000000005
15	KC_IRS	FALSE	207	KRT31	cortex_cuticle	0.86129999999999995	0.67630000000000001
15	KC_IRS	FALSE	207	KRT35	cortex_cuticle	0.8659	0.75849999999999995
15	KC_IRS	FALSE	207	KRT85	cortex_cuticle	1.6744000000000001	0.91790000000000005
15	KC_IRS	FALSE	207	KRT32	cortex_cuticle	0.13869999999999999	0.1739
15	KC_IRS	FALSE	207	KRT33A	cortex_cuticle	0.0086	0.014500000000000001
15	KC_IRS	FALSE	207	KRT5	basal_ORS	2.2806999999999999	0.98070000000000002
15	KC_IRS	FALSE	207	KRT14	basal_ORS	2.3391999999999999	0.98070000000000002
15	KC_IRS	FALSE	207	KRT15	basal_ORS	0.28499999999999998	0.25600000000000001
15	KC_IRS	FALSE	207	KRT17	basal_ORS	2.0142000000000002	0.96619999999999995
15	KC_IRS	FALSE	207	KRT6A	basal_ORS	0.56659999999999999	0.55069999999999997
15	KC_IRS	FALSE	207	KRT16	basal_ORS	1.5419	0.86960000000000004
15	KC_IRS	FALSE	207	COL17A1	basal_ORS	1.0504	0.8357
15	KC_IRS	FALSE	207	KRT25	IRS	2.5790000000000002	0.90339999999999998
15	KC_IRS	FALSE	207	KRT27	IRS	0.82389999999999997	0.63770000000000004
15	KC_IRS	FALSE	207	KRT71	IRS	0.2457	0.29949999999999999
15	KC_IRS	FALSE	207	KRT73	IRS	0.035499999999999997	0.043499999999999997
15	KC_IRS	FALSE	207	TCHH	IRS	3.3235000000000001	0.86470000000000002
15	KC_IRS	FALSE	207	GATA3	IRS	0.052600000000000001	0.082100000000000006
15	KC_IRS	FALSE	207	MSX2	matrix_progenitor	0.90129999999999999	0.73909999999999998
15	KC_IRS	FALSE	207	LEF1	matrix_progenitor	0.22700000000000001	0.28989999999999999
15	KC_IRS	FALSE	207	HOXC13	matrix_progenitor	1.0814999999999999	0.84060000000000001
15	KC_IRS	FALSE	207	MKI67	matrix_progenitor	0.0071000000000000004	0.0097000000000000003
15	KC_IRS	FALSE	207	KRT1	KRT1_KRT10	0.0785	0.10630000000000001
15	KC_IRS	FALSE	207	KRT10	KRT1_KRT10	1.2673000000000001	0.87919999999999998
18	KC_basal_ORS	FALSE	107	KRT31	cortex_cuticle	1.1242000000000001	0.63549999999999995
18	KC_basal_ORS	FALSE	107	KRT35	cortex_cuticle	1.2491000000000001	0.69159999999999999
18	KC_basal_ORS	FALSE	107	KRT85	cortex_cuticle	1.966	0.86919999999999997
18	KC_basal_ORS	FALSE	107	KRT32	cortex_cuticle	0.27129999999999999	0.215
18	KC_basal_ORS	FALSE	107	KRT33A	cortex_cuticle	0	0
18	KC_basal_ORS	FALSE	107	KRT5	basal_ORS	2.8794	0.93459999999999999
18	KC_basal_ORS	FALSE	107	KRT14	basal_ORS	3.7054999999999998	0.99070000000000003
18	KC_basal_ORS	FALSE	107	KRT15	basal_ORS	0.64890000000000003	0.27100000000000002
18	KC_basal_ORS	FALSE	107	KRT17	basal_ORS	5.2211999999999996	1
18	KC_basal_ORS	FALSE	107	KRT6A	basal_ORS	2.8069999999999999	0.82240000000000002
18	KC_basal_ORS	FALSE	107	KRT16	basal_ORS	2.9194	0.91590000000000005
18	KC_basal_ORS	FALSE	107	COL17A1	basal_ORS	0.0058999999999999999	0.018700000000000001
18	KC_basal_ORS	FALSE	107	KRT25	IRS	0.99180000000000001	0.51400000000000001
18	KC_basal_ORS	FALSE	107	KRT27	IRS	0.68700000000000006	0.39250000000000002
18	KC_basal_ORS	FALSE	107	KRT71	IRS	0.65549999999999997	0.41120000000000001
18	KC_basal_ORS	FALSE	107	KRT73	IRS	0.13020000000000001	0.1308
18	KC_basal_ORS	FALSE	107	TCHH	IRS	0.69999999999999996	0.41120000000000001
18	KC_basal_ORS	FALSE	107	GATA3	IRS	0.29420000000000002	0.33639999999999998
18	KC_basal_ORS	FALSE	107	MSX2	matrix_progenitor	0.1053	0.0935
18	KC_basal_ORS	FALSE	107	LEF1	matrix_progenitor	0.0064999999999999997	0.018700000000000001
18	KC_basal_ORS	FALSE	107	HOXC13	matrix_progenitor	0.26960000000000001	0.2243
18	KC_basal_ORS	FALSE	107	MKI67	matrix_progenitor	0.028500000000000001	0.037400000000000003
18	KC_basal_ORS	FALSE	107	KRT1	KRT1_KRT10	0.18459999999999999	0.11210000000000001
18	KC_basal_ORS	FALSE	107	KRT10	KRT1_KRT10	1.3532	0.71030000000000004
19	KC_IFE_suprabasal	FALSE	97	KRT31	cortex_cuticle	0.58079999999999998	0.56699999999999995
19	KC_IFE_suprabasal	FALSE	97	KRT35	cortex_cuticle	0.68710000000000004	0.70099999999999996
19	KC_IFE_suprabasal	FALSE	97	KRT85	cortex_cuticle	1.0650999999999999	0.89690000000000003
19	KC_IFE_suprabasal	FALSE	97	KRT32	cortex_cuticle	0.099500000000000005	0.16489999999999999
19	KC_IFE_suprabasal	FALSE	97	KRT33A	cortex_cuticle	0.0033	0.0103
19	KC_IFE_suprabasal	FALSE	97	KRT5	basal_ORS	0.74990000000000001	0.69069999999999998
19	KC_IFE_suprabasal	FALSE	97	KRT14	basal_ORS	1.4951000000000001	0.93810000000000004
19	KC_IFE_suprabasal	FALSE	97	KRT15	basal_ORS	0.1462	0.20619999999999999
19	KC_IFE_suprabasal	FALSE	97	KRT17	basal_ORS	2.2492999999999999	0.95879999999999999
19	KC_IFE_suprabasal	FALSE	97	KRT6A	basal_ORS	0.51539999999999997	0.48449999999999999
19	KC_IFE_suprabasal	FALSE	97	KRT16	basal_ORS	1.5216000000000001	0.87629999999999997
19	KC_IFE_suprabasal	FALSE	97	COL17A1	basal_ORS	0.0166	0.0103
19	KC_IFE_suprabasal	FALSE	97	KRT25	IRS	0.2457	0.32990000000000003
19	KC_IFE_suprabasal	FALSE	97	KRT27	IRS	0.17380000000000001	0.24740000000000001
19	KC_IFE_suprabasal	FALSE	97	KRT71	IRS	0.1792	0.24740000000000001
19	KC_IFE_suprabasal	FALSE	97	KRT73	IRS	0.025499999999999998	0.041200000000000001
19	KC_IFE_suprabasal	FALSE	97	TCHH	IRS	0.2271	0.26800000000000002
19	KC_IFE_suprabasal	FALSE	97	GATA3	IRS	0.10920000000000001	0.15459999999999999
19	KC_IFE_suprabasal	FALSE	97	MSX2	matrix_progenitor	0.0040000000000000001	0.0103
19	KC_IFE_suprabasal	FALSE	97	LEF1	matrix_progenitor	0.0097999999999999997	0.0206
19	KC_IFE_suprabasal	FALSE	97	HOXC13	matrix_progenitor	0.098500000000000004	0.14430000000000001
19	KC_IFE_suprabasal	FALSE	97	MKI67	matrix_progenitor	0.020199999999999999	0.0103
19	KC_IFE_suprabasal	FALSE	97	KRT1	KRT1_KRT10	0.098199999999999996	0.17530000000000001
19	KC_IFE_suprabasal	FALSE	97	KRT10	KRT1_KRT10	1.018	0.83509999999999995
