population	sample	phenotype	donor_group	n_cells	n_zero	rab7a_umi	denominator_umi	pseudobulk_log2cpm1	mean_lognorm	detection
v2_KC_cortex_cuticle	F18	black	D01	179	30	557	3459084	7.3400751951327559	0.8271605434660515	0.83240223463687146
v2_KC_cortex_cuticle	F59	black	D02	820	114	2123	13185772	7.3399112647664211	0.85073898109485957	0.86097560975609755
v2_KC_cortex_cuticle	F31B	black	D03	547	169	1013	9921780	6.6878811469900983	0.54451836793194341	0.69104204753199272
v2_KC_cortex_cuticle	F31W	white	D03	247	88	387	4417088	6.4694673555579154	0.48763380725135047	0.64372469635627527
v2_KC_cortex_cuticle	F62B	black	D04	1138	289	2179	16241481	7.0785526451405696	0.70471088114984948	0.74604569420035149
v2_KC_cortex_cuticle	F62W	white	D04	384	70	851	6897587	6.9585698750169929	0.71179487679277276	0.81770833333333337
v1_all_keratinocytes	F18	black	D01	1436	432	2568	16368346	7.3027593528153272	0.75460149379733243	0.69916434540389971
v1_all_keratinocytes	F59	black	D02	2539	809	4101	26763216	7.2689649167578265	0.73026187962110078	0.68137061835368251
v1_all_keratinocytes	F31B	black	D03	3012	1190	4061	38667392	6.7282455954719236	0.52750531153894609	0.60491367861885792
v1_all_keratinocytes	F31W	white	D03	2487	1011	3457	31347753	6.7980380244951633	0.54934191529067578	0.59348612786489752
v1_all_keratinocytes	F62B	black	D04	3395	1203	4751	34335908	7.1227582727850232	0.68080366306586659	0.64565537555228281
v1_all_keratinocytes	F62W	white	D04	2345	780	3400	25808204	7.0524708258984523	0.66839266385066309	0.66737739872068236
