population	sample	phenotype	donor	n_cells	rab7a_umi	denominator_umi	pseudobulk_log2cpm1	mean_lognorm	detection
v1_all_keratinocytes	F18	Black	F18	1436	2568	16368346	7.30275935281533	0.754601493797332	0.6991643454039
v1_all_keratinocytes	F59	Black	F59	2539	4101	26763216	7.26896491675783	0.730261879621101	0.681370618353683
v1_all_keratinocytes	F31B	Black	F31	3012	4061	38667392	6.72824559547192	0.527505311538946	0.604913678618858
v1_all_keratinocytes	F31W	White	F31	2487	3457	31347753	6.79803802449516	0.549341915290676	0.593486127864898
v1_all_keratinocytes	F62B	Black	F62	3395	4751	34335908	7.12275827278502	0.680803663065867	0.645655375552283
v1_all_keratinocytes	F62W	White	F62	2345	3400	25808204	7.05247082589845	0.668392663850663	0.667377398720682
v2_KC_cortex_cuticle	F18	Black	F18	179	557	3459084	7.34007519513276	0.827160543466052	0.832402234636871
v2_KC_cortex_cuticle	F59	Black	F59	820	2123	13185772	7.33991126476642	0.85073898109486	0.860975609756098
v2_KC_cortex_cuticle	F31B	Black	F31	547	1013	9921780	6.6878811469901	0.544518367931943	0.691042047531993
v2_KC_cortex_cuticle	F31W	White	F31	247	387	4417088	6.46946735555792	0.48763380725135	0.643724696356275
v2_KC_cortex_cuticle	F62B	Black	F62	1138	2179	16241481	7.07855264514057	0.70471088114985	0.746045694200351
v2_KC_cortex_cuticle	F62W	White	F62	384	851	6897587	6.95856987501699	0.711794876792773	0.817708333333333
